0755	57549e5032ca621312a7cd50fb31854484a84248000bd8cf0875c5cbbf01cef0	ZmlsZXMvdm5jL2NhcHR1cmUtdm5jLXVzZXItZW52LnNo	L3RtcC9jYXB0dXJlLXZuYy11c2VyLWVudg==
0644	819987b7fef06af920bd9313347e05ca2fb0cd32ab4ad1e32a2a045238e4abb8	ZmlsZXMvdm5jL3ZuYy1kZXNrdG9wLkFwdGZpbGU=	L3Vzci9sb2NhbC9zaGFyZS92bmMtZGVza3RvcC5BcHRmaWxl
0755	504f908ecc98b665fbd2271a8e3fffd2fb956f1204ab0a1a33b50c284c2b79ac	ZmlsZXMvdm5jL2luc3RhbGwtdm5jLWRlc2t0b3AtYXB0LXBhY2thZ2VzLnNo	L3Vzci9sb2NhbC9iaW4vaW5zdGFsbC12bmMtZGVza3RvcC1hcHQtcGFja2FnZXM=
0755	96080cc2263ffe8c5d818e460baa39d6f7459b9cc3dfa213b6e8602eb81e7a65	ZmlsZXMvdm5jL2luc3RhbGwtZ29vZ2xlLWNocm9tZS5zaA==	L3Vzci9sb2NhbC9iaW4vaW5zdGFsbC1nb29nbGUtY2hyb21l
0755	db578a6d14b8e6ac8a5c729e80126ee98a3de714c3e7b7825147bf836ce299b0	ZmlsZXMvdm5jL2NvbmZpZ3VyZS1nb29nbGUtY2hyb21lLnNo	L3Vzci9sb2NhbC9iaW4vY29uZmlndXJlLWdvb2dsZS1jaHJvbWU=
0755	31ae64b656886bce63bdc2981c0aaf114f3c4a01520c1f87ec2fdb4a12b45d93	ZmlsZXMvdm5jL2luc3RhbGwtbG9jYWxlcy5zaA==	L3Vzci9sb2NhbC9iaW4vaW5zdGFsbC1sb2NhbGVz
0755	5c19aa95d79bccd950e764e9e2ae8c6884465cc2070225199e31b94c8e8ec831	ZmlsZXMvdm5jL2Rlc2t0b3AtaW5pdC5zaA==	L3Vzci9sb2NhbC9zaGFyZS9kZXNrdG9wLWluaXQuc2g=
0644	967bfcdcb82065e124c3b371f894328d72988676852e8bc4ad86056e12254a11	ZmlsZXMvYW55b3MvYW55b3MuY29uZg==	L3Vzci9sb2NhbC9zaGFyZS9hbnlvcy5jb25m
0755	a745f7dd4eba46f54845d3ba5af70b72a96cc5b966563628b2181af1e30f5250	ZmlsZXMvYW55b3MvYW55b3Mtc2V0dXAuc2g=	L3Vzci9sb2NhbC9iaW4vYW55b3Mtc2V0dXA=
0755	3375ff51023f1cf1cdf1b36f5567820c1238d1dd31b79dc8c8c8855d556b0da5	ZmlsZXMvdm5jL2luc3RhbGwtZm9udHMtYW5kLWZvbnRjb25maWcuc2g=	L3Vzci9sb2NhbC9iaW4vaW5zdGFsbC1mb250cy1hbmQtZm9udGNvbmZpZw==
0755	0df4e6ccb8afc98e221c7a83dbc8f6bc65106c95d15686053f6755a4c16655e6	ZmlsZXMvdm5jL2luc3RhbGxfYW5kX2NvbmZpZ3VyZV90aGVtZXMuc2g=	L3Vzci9sb2NhbC9iaW4vaW5zdGFsbC1hbmQtY29uZmlndXJlLXRoZW1lcw==
0755	6ed78b825a8f22567c3f65225390452ddac122647ed58740034147eb8f1d4f20	ZmlsZXMvdm5jL2luc3RhbGwtcmVtb3RlLXZuYy1zZXR1cC5zaA==	L3Vzci9sb2NhbC9iaW4vaW5zdGFsbC1yZW1vdGUtdm5jLXNldHVw
0755	3a097f02f1277d9d78571ef4133ec77330c83c7eafa6368c10aa7187f851cdbe	ZmlsZXMvdm5jL2NvbmZpZ3VyZV9vc19kaXNwbGF5LnNo	L3Vzci9sb2NhbC9iaW4vY29uZmlndXJlLW9zLWRpc3BsYXk=
0755	1857779d15dfc92bfaf43b14006201f6fc1d061738ffe75eb748738010be9032	ZmlsZXMvdm5jL2luc3RhbGwtY3Vyc29yLWFydGlmYWN0LWRpcmVjdG9yaWVzLnNo	L3Vzci9sb2NhbC9iaW4vaW5zdGFsbC1jdXJzb3ItYXJ0aWZhY3QtZGlyZWN0b3JpZXM=
