0644	393fb5b878ceed04aebc34b097e853ae5138c51d0c34b496ce8e2b47e0d0b94a	.ttf	L3Vzci9zaGFyZS9mb250cy90cnVldHlwZS9tYWNvcy9Tb3VyY2VTYW5zMy1SZWd1bGFyLnR0Zg==
0644	40d692fce188e4471e2b3cba937be967878f631ad3ebbbdcd587687c7ebe0c82	.ttf	L3Vzci9zaGFyZS9mb250cy90cnVldHlwZS9tYWNvcy9JbnRlci1SZWd1bGFyLnR0Zg==
0644	bbc051dd204b5019a1aa0bc0ae2aa8a05ab13e7a3f979fa357631dc7feb6833a	.ttf	L3Vzci9zaGFyZS9mb250cy90cnVldHlwZS9tYWNvcy9JbnRlci1JdGFsaWMudHRm
0644	97ad806f526e41546d46365bb3a393145f75b7b1568913db74549ad8b8dba872	.ttf	L3Vzci9zaGFyZS9mb250cy90cnVldHlwZS9tYWNvcy9JbnRlci1NZWRpdW0udHRm
0644	51c2c8d7c36f7c26e6e2678b5c3069b329bde9a081154553b0f5bc2d4fc14075	.ttf	L3Vzci9zaGFyZS9mb250cy90cnVldHlwZS9tYWNvcy9JbnRlci1NZWRpdW1JdGFsaWMudHRm
0644	78a843fade9d4612a5567302fb595b56976eb5fcebf4fea5a5912d638bafcde3	.ttf	L3Vzci9zaGFyZS9mb250cy90cnVldHlwZS9tYWNvcy9JbnRlci1TZW1pQm9sZC50dGY=
0644	eff2930c3d3b35d3fcf5f76252b6baef4c3e907d9d2fde1d16cf5d417f8deef4	.ttf	L3Vzci9zaGFyZS9mb250cy90cnVldHlwZS9tYWNvcy9JbnRlci1TZW1pQm9sZEl0YWxpYy50dGY=
0644	288316099b1e0a47a4716d159098005eef7c0066921f34e3200393dbdb01947f	.ttf	L3Vzci9zaGFyZS9mb250cy90cnVldHlwZS9tYWNvcy9JbnRlci1Cb2xkLnR0Zg==
0644	948405a16cdc62701da5f4005ed068ca5f4d27061d98f7974ccfc37831d9581d	.ttf	L3Vzci9zaGFyZS9mb250cy90cnVldHlwZS9tYWNvcy9JbnRlci1Cb2xkSXRhbGljLnR0Zg==
0644	b577e9bc9887284e90aae5ad0699689ce36b5cd96207efbec68f77f8aed88379	.ttf	L3Vzci9zaGFyZS9mb250cy90cnVldHlwZS9tYWNvcy9QdWJsaWNTYW5zLVJlZ3VsYXIudHRm
0644	d77f79eca3f513e0b883ddbd293a3d2bb8fd35453ff74aff4afc6a6a1c6ce8f1	.ttf	L3Vzci9zaGFyZS9mb250cy90cnVldHlwZS9tYWNvcy9QdWJsaWNTYW5zLUl0YWxpYy50dGY=
0644	bddd96a0bcd49b292524b4beff57d770ce97482fb3f84b788959422e06b863a6	.ttf	L3Vzci9zaGFyZS9mb250cy90cnVldHlwZS9tYWNvcy9QdWJsaWNTYW5zLUJvbGQudHRm
0644	2cec96a74e537bb5213f5ecb520e7af378a2366cc10b17a04866fbe4344fbfef	.ttf	L3Vzci9zaGFyZS9mb250cy90cnVldHlwZS9tYWNvcy9QdWJsaWNTYW5zLUJvbGRJdGFsaWMudHRm
0644	a0bf60ef0f83c5ed4d7a75d45838548b1f6873372dfac88f71804491898d138f	.ttf	L3Vzci9zaGFyZS9mb250cy90cnVldHlwZS9tYWNvcy9KZXRCcmFpbnNNb25vLVJlZ3VsYXIudHRm
0644	9d0a1f7a708e6af183f1193b7e81d40da294f5c67682c085d8401c60aac8ded4	.ttf	L3Vzci9zaGFyZS9mb250cy90cnVldHlwZS9tYWNvcy9KZXRCcmFpbnNNb25vLUl0YWxpYy50dGY=
0644	5590990c82e097397517f275f430af4546e1c45cff408bde4255dad142479dcb	.ttf	L3Vzci9zaGFyZS9mb250cy90cnVldHlwZS9tYWNvcy9KZXRCcmFpbnNNb25vLUJvbGQudHRm
0644	4039d5ce0ed225bf9c8b2c8c6436290ae2f356b7e90d70fa666227238324aa3b	.ttf	L3Vzci9zaGFyZS9mb250cy90cnVldHlwZS9tYWNvcy9KZXRCcmFpbnNNb25vLUJvbGRJdGFsaWMudHRm
0644	a6ca61d1d54644986645196219e110faca7f9bb1975473540037de2d4f120d32	.png	L3Vzci9zaGFyZS9pY29ucy9oaWNvbG9yLzI0eDI0L2FwcHMvY3Vyc29yLWxvZ28ucG5n
0644	e0e7a7bc01c020d3a02f6bcaaad9b86534157a6758c4bb4b2b0586317d68c975	.png	L3Vzci9zaGFyZS9pY29ucy9oaWNvbG9yLzI0eDI0L2FwcHMvY3Vyc29yLWxvZ28tZGFyay5wbmc=
0644	0a9646570501d18d844dcb085f90e7b9146ff36e3356eb72b42f43dd8a251367	.svg	L3Vzci9zaGFyZS9waXhtYXBzL2N1cnNvci1sb2dvLWRhcmsuc3Zn
0644	4961e33371b2d4ab16aef6058906f3462b140664aa277897f3d65f0681c28119	.svg	L3Vzci9zaGFyZS9waXhtYXBzL2N1cnNvci1sb2dvLnN2Zw==
0644	4602a0b8b986b18a1c3f460fd959ec1ce522aedcf11ab4c0d41a5fc5ed839be0	.zip	L3Vzci9sb2NhbC9zaGFyZS9jbG91ZC1hZ2VudC1tZWRpYS9DYXNjYWRpYUNvZGUtMjAwOC4yNS56aXA=
0644	2635570e218afab2d34b0663287054f7b995b9f7f810e97410dcad389987d5ba	.xz	L3Vzci9sb2NhbC9zaGFyZS9jbG91ZC1hZ2VudC1tZWRpYS9XaGl0ZVN1ci1MaWdodC50YXIueHo=
0644	44dfc32b69c1d9767e5056af9600706a09e9a91539cc50ee2cb73a7ce7780165	.gz	L3Vzci9sb2NhbC9zaGFyZS9jbG91ZC1hZ2VudC1tZWRpYS9XaGl0ZVN1ci1pY29uLXRoZW1lLW1hc3Rlci50YXIuZ3o=
0644	7c71bea85272626fa28baedf868fd72d288462df4f64f302724d398f0315bf11	.gz	L3Vzci9sb2NhbC9zaGFyZS9jbG91ZC1hZ2VudC1tZWRpYS9XaGl0ZVN1ci1jdXJzb3JzLW1hc3Rlci50YXIuZ3o=
0644	eecc6b3c324b8447d2049200298575f2418525f88f58bc8b5158b209f00fff23	.zip	L3Vzci9sb2NhbC9zaGFyZS9jbG91ZC1hZ2VudC1tZWRpYS9ub1ZOQy0xLjIuMC56aXA=
0644	0f30cd77daaa4bfddd34b3d76e6ea6c1b60fcffb99fdf4823a0df50b4d46dab5	.zip	L3Vzci9sb2NhbC9zaGFyZS9jbG91ZC1hZ2VudC1tZWRpYS93ZWJzb2NraWZ5LTAuMTAuMC56aXA=
0644	6ea658d331552c5e07cabcbafb80824861ed6b7482fc93515d8804913c98a763	.png	L3Vzci9zaGFyZS9iYWNrZ3JvdW5kcy9tYWNvcy13YWxscGFwZXIucG5n
0644	616ec7b3354354e08b7e9407dc36b3c58dd418f72c07642b46df0de09e43a278	.png	L3Vzci9zaGFyZS9iYWNrZ3JvdW5kcy9kZXNrdG9wLWJhY2tncm91bmQtMS5wbmc=
0644	e0f70cc5ecb22c90d69f1e268e24fc34da93d0fc9833227d3e8d6627688d562a	.png	L3Vzci9zaGFyZS9iYWNrZ3JvdW5kcy9kZXNrdG9wLWJhY2tncm91bmQtMi5wbmc=
0644	3b8cbb413a5aa89da88400954b59f0a6ebf1943b39c20ada3cf20551c9f64e39	.png	L3Vzci9zaGFyZS9iYWNrZ3JvdW5kcy9kZXNrdG9wLWJhY2tncm91bmQtMy5wbmc=
